name,category,url,photo
Close up of pretty woman covering her face with a green leaf,beauty,https://unsplash.com/photos/close-up-of-pretty-woman-covering-her-face-with-a-green-leaf-QXQIFum_qEY,"{'url': 'https://plus.unsplash.com/premium_photo-1683121409041-076759249d56?auto=format&fit=crop&q=80&w=387&ixlib=rb-4.0.3&ixid=M3wxMjA3fDB8MHxwaG90by1wYWdlfHx8fGVufDB8fHx8fA%3D%3D', 'path': 'full/b9bd229305158d10f222e8cc751f28869d1b0692.jpg', 'checksum': '6e5fd72ac01ef00d74c006adc0e7980c', 'status': 'uptodate'}"
name,category,url,photo
photo of assorted makeup products on gray surface,beauty,https://unsplash.com/photos/photo-of-assorted-makeup-products-on-gray-surface-ceWgSMd8rvQ,"{'url': 'https://images.unsplash.com/photo-1522335789203-aabd1fc54bc9?auto=format&fit=crop&q=80&w=887&ixlib=rb-4.0.3&ixid=M3wxMjA3fDB8MHxwaG90by1wYWdlfHx8fGVufDB8fHx8fA%3D%3D', 'path': 'full/da5f303b38c8afc1962ebed22cded79b27530a1c.jpg', 'checksum': '7c5d397865b4323c09474d680e13988c', 'status': 'downloaded'}"
name,category,url,photo
pink and blue silver dollar eucalyptus leaves on white surface,beauty,https://unsplash.com/photos/pink-and-blue-silver-dollar-eucalyptus-leaves-on-white-surface-vz3IQy0LOaA,"{'url': 'https://images.unsplash.com/photo-1540845692348-b9d2bc813a63?auto=format&fit=crop&q=80&w=470&ixlib=rb-4.0.3&ixid=M3wxMjA3fDB8MHxwaG90by1wYWdlfHx8fGVufDB8fHx8fA%3D%3D', 'path': 'full/b5626d0e987a731d7a4153667e7cb6abe6fde232.jpg', 'checksum': 'd8f845e96cf84d9ffa9d7d08a6e6e967', 'status': 'downloaded'}"
name,category,url,photo
a group of men playing a game of basketball,sports,https://unsplash.com/photos/a-group-of-men-playing-a-game-of-basketball-wdTpPg4ukd8,"{'url': 'https://plus.unsplash.com/premium_photo-1676634832558-6654a134e920?auto=format&fit=crop&q=80&w=871&ixlib=rb-4.0.3&ixid=M3wxMjA3fDB8MHxwaG90by1wYWdlfHx8fGVufDB8fHx8fA%3D%3D', 'path': 'full/9efd4b1e46cc0ef9e88f61c7acb771e035d89889.jpg', 'checksum': 'c441c855882f44a3b794b6f9b52c0833', 'status': 'uptodate'}"
name,category,url,photo
women playing volleyball inside court,sports,https://unsplash.com/photos/women-playing-volleyball-inside-court-aZVpxRydiJk,"{'url': 'https://images.unsplash.com/photo-1547347298-4074fc3086f0?auto=format&fit=crop&q=80&w=870&ixlib=rb-4.0.3&ixid=M3wxMjA3fDB8MHxwaG90by1wYWdlfHx8fGVufDB8fHx8fA%3D%3D', 'path': 'full/8d4b71e721db93aef4281631a926385843011ab0.jpg', 'checksum': '58ded38b232c03877674cfc7fdc28961', 'status': 'downloaded'}"
name,category,url,photo
yellow ball on water during night time,sports,https://unsplash.com/photos/yellow-ball-on-water-during-night-time-Q-fL04RhuMg,"{'url': 'https://images.unsplash.com/photo-1587280501635-68a0e82cd5ff?auto=format&fit=crop&q=80&w=870&ixlib=rb-4.0.3&ixid=M3wxMjA3fDB8MHxwaG90by1wYWdlfHx8fGVufDB8fHx8fA%3D%3D', 'path': 'full/db6aac0c3626ac34a4bbc4b89d45f335794bf005.jpg', 'checksum': '8f03ffa2a152716ab8bbfa221af8b73a', 'status': 'uptodate'}"
name,category,url,photo
white golf ball on green golf course,sports,https://unsplash.com/photos/white-golf-ball-on-green-golf-course-tueiaIVLA3I,"{'url': 'https://images.unsplash.com/photo-1592592878585-abcaaaaf7cd1?auto=format&fit=crop&q=80&w=812&ixlib=rb-4.0.3&ixid=M3wxMjA3fDB8MHxwaG90by1wYWdlfHx8fGVufDB8fHx8fA%3D%3D', 'path': 'full/71eee8ebb61e72e26cf6df232033011faaac57a2.jpg', 'checksum': '6a00209d25c7124438cd632acbc2c100', 'status': 'downloaded'}"
name,category,url,photo
silhouette of people playing basketball during sunset,sports,https://unsplash.com/photos/silhouette-of-people-playing-basketball-during-sunset-0NaQQsLWLkA,"{'url': 'https://images.unsplash.com/photo-1612872087720-bb876e2e67d1?auto=format&fit=crop&q=80&w=1007&ixlib=rb-4.0.3&ixid=M3wxMjA3fDB8MHxwaG90by1wYWdlfHx8fGVufDB8fHx8fA%3D%3D', 'path': 'full/81267dc425febc09edd9bad69b4abd2d1212e217.jpg', 'checksum': 'a1bd8a3b0905c1617303504d88ffe5b8', 'status': 'uptodate'}"
name,category,url,photo
man doing butterfly stroke,sports,https://unsplash.com/photos/man-doing-butterfly-stroke-JjUyjE-oEbM,"{'url': 'https://images.unsplash.com/photo-1530549387789-4c1017266635?auto=format&fit=crop&q=80&w=870&ixlib=rb-4.0.3&ixid=M3wxMjA3fDB8MHxwaG90by1wYWdlfHx8fGVufDB8fHx8fA%3D%3D', 'path': 'full/14faad515d18c407b748353890706e8556bb2583.jpg', 'checksum': 'b1ae68233ee5120d3fa130541ef96a63', 'status': 'uptodate'}"
name,category,url,photo
brown basketball on basketball hoop,sports,https://unsplash.com/photos/brown-basketball-on-basketball-hoop-HM3WZ4B1gvM,"{'url': 'https://images.unsplash.com/photo-1628779238951-be2c9f2a59f4?auto=format&fit=crop&q=80&w=387&ixlib=rb-4.0.3&ixid=M3wxMjA3fDB8MHxwaG90by1wYWdlfHx8fGVufDB8fHx8fA%3D%3D', 'path': 'full/8fc99571a48513afb37d75a1017815b0a7715f58.jpg', 'checksum': '88c00179fa342044b68c03638998e712', 'status': 'downloaded'}"
name,category,url,photo
a woman doing a yoga pose on a yoga mat,sports,https://unsplash.com/photos/a-woman-doing-a-yoga-pose-on-a-yoga-mat-6YANgqCBZnc,"{'url': 'https://plus.unsplash.com/premium_photo-1666283137652-9f5425ef7bc9?auto=format&fit=crop&q=80&w=870&ixlib=rb-4.0.3&ixid=M3wxMjA3fDB8MHxwaG90by1wYWdlfHx8fGVufDB8fHx8fA%3D%3D', 'path': 'full/4cd9899a60b848f081ceae172f5703a73b7e32f6.jpg', 'checksum': '4d3002145c6d2c927d5b32b4b7acbeeb', 'status': 'uptodate'}"
name,category,url,photo
women running on track field,sports,https://unsplash.com/photos/women-running-on-track-field-3R4vPrSB1c4,"{'url': 'https://images.unsplash.com/photo-1541252260730-0412e8e2108e?auto=format&fit=crop&q=80&w=374&ixlib=rb-4.0.3&ixid=M3wxMjA3fDB8MHxwaG90by1wYWdlfHx8fGVufDB8fHx8fA%3D%3D', 'path': 'full/b685c2f0f7ddd7af7cccbd8eca2b5b99df76e537.jpg', 'checksum': 'ff4e3ef8cc033a462386bcec982a655b', 'status': 'uptodate'}"
name,category,url,photo
a group of young men playing a game of ice hockey,sports,https://unsplash.com/photos/a-group-of-young-men-playing-a-game-of-ice-hockey-PdX8OwiNnJI,"{'url': 'https://plus.unsplash.com/premium_photo-1677010202726-8cf11ac08fd1?auto=format&fit=crop&q=80&w=870&ixlib=rb-4.0.3&ixid=M3wxMjA3fDB8MHxwaG90by1wYWdlfHx8fGVufDB8fHx8fA%3D%3D', 'path': 'full/fafeebc351306ac3fd52e88814009fc69e4bcdeb.jpg', 'checksum': 'fba12279cb3e192a58a790e9f7e4d0fe', 'status': 'downloaded'}"
name,category,url,photo
aerial photography of baseball stadium,sports,https://unsplash.com/photos/aerial-photography-of-baseball-stadium-VvQSzMJ_h0U,"{'url': 'https://images.unsplash.com/photo-1471295253337-3ceaaedca402?auto=format&fit=crop&q=80&w=868&ixlib=rb-4.0.3&ixid=M3wxMjA3fDB8MHxwaG90by1wYWdlfHx8fGVufDB8fHx8fA%3D%3D', 'path': 'full/94c6396e174ca760cdc6fe0c0882152dcb273dcd.jpg', 'checksum': '570295625863b8158fcdde07327673ed', 'status': 'uptodate'}"
name,category,url,photo
photo of man swinging golf driver,sports,https://unsplash.com/photos/photo-of-man-swinging-golf-driver-SsIIw_MET0E,"{'url': 'https://images.unsplash.com/photo-1535131749006-b7f58c99034b?auto=format&fit=crop&q=80&w=870&ixlib=rb-4.0.3&ixid=M3wxMjA3fDB8MHxwaG90by1wYWdlfHx8fGVufDB8fHx8fA%3D%3D', 'path': 'full/3d3b33c63c4fadbcbc51108255483958a22a82ca.jpg', 'checksum': '2df6c3ed1a73299dc799e45d2fb67029', 'status': 'uptodate'}"
name,category,url,photo
a woman swinging a golf club on a golf course,sports,https://unsplash.com/photos/a-woman-swinging-a-golf-club-on-a-golf-course-Lt_41-b7uP4,"{'url': 'https://plus.unsplash.com/premium_photo-1679505066783-1f303b598fd2?auto=format&fit=crop&q=80&w=870&ixlib=rb-4.0.3&ixid=M3wxMjA3fDB8MHxwaG90by1wYWdlfHx8fGVufDB8fHx8fA%3D%3D', 'path': 'full/36171287652cadd545746590e01a783b27ef66db.jpg', 'checksum': '334be961b89097b51f287423cb4851e5', 'status': 'uptodate'}"
name,category,url,photo
Close-up of a white line on green grass in a soccer field,sports,https://unsplash.com/photos/close-up-of-a-white-line-on-green-grass-in-a-soccer-field-HgwY_YQ1m0w,"{'url': 'https://images.unsplash.com/photo-1459865264687-595d652de67e?auto=format&fit=crop&q=80&w=870&ixlib=rb-4.0.3&ixid=M3wxMjA3fDB8MHxwaG90by1wYWdlfHx8fGVufDB8fHx8fA%3D%3D', 'path': 'full/754aad93b995a2be846e0a8149694d144f31a10c.jpg', 'checksum': '5d27287b8259ad980f23873b5f769202', 'status': 'uptodate'}"
name,category,url,photo
woman doing weight lifting,sports,https://unsplash.com/photos/woman-doing-weight-lifting-h4i9G-de7Po,"{'url': 'https://images.unsplash.com/photo-1541534741688-6078c6bfb5c5?auto=format&fit=crop&q=80&w=869&ixlib=rb-4.0.3&ixid=M3wxMjA3fDB8MHxwaG90by1wYWdlfHx8fGVufDB8fHx8fA%3D%3D', 'path': 'full/7754bcf4a4898f3992f3ac313cc260bc02893f41.jpg', 'checksum': 'ae4ebbda0a1ecbc944050d1d1429adb3', 'status': 'uptodate'}"
